coluna,type,sex,count,mean,std,min,q1,mediana,q3,max
length,1,F,138.0,0.5122463768115942,0.08747903286591734,0.275,0.46,0.525,0.58,0.72
length,1,I,717.0,0.3839470013947001,0.09690590369252577,0.075,0.32,0.39,0.455,0.615
length,1,M,223.0,0.47567264573991025,0.11678692199589316,0.155,0.415,0.49,0.56,0.72
length,2,F,344.0,0.5785465116279069,0.0809883059588327,0.33,0.5337500000000001,0.595,0.635,0.745
length,2,I,214.0,0.5126401869158879,0.06804904660336447,0.29,0.475,0.5225,0.56,0.68
length,2,M,445.0,0.567752808988764,0.08727548814561724,0.29,0.525,0.585,0.625,0.77
length,3,F,471.0,0.5965605095541402,0.07998175357712356,0.38,0.54,0.605,0.655,0.815
length,3,I,111.0,0.5302702702702702,0.07199064913343652,0.335,0.48,0.53,0.58,0.66
length,3,M,469.0,0.5964392324093817,0.0830887888562445,0.31,0.545,0.605,0.65,0.78
diameter,1,F,138.0,0.39735507246376806,0.07062854416915702,0.195,0.355,0.4075,0.45,0.53
diameter,1,I,717.0,0.29078103207810324,0.07738130775939005,0.055,0.24,0.295,0.35,0.48
diameter,1,M,223.0,0.36708520179372206,0.0954152938136239,0.11,0.31,0.385,0.44,0.565
diameter,2,F,344.0,0.4529360465116279,0.0646437781651211,0.26,0.415,0.465,0.5,0.585
diameter,2,I,214.0,0.39591121495327103,0.05615819845682392,0.225,0.36124999999999996,0.4,0.435,0.53
diameter,2,M,445.0,0.4439213483146068,0.07068968869833878,0.225,0.41,0.46,0.49,0.6
diameter,3,F,471.0,0.47100849256900207,0.06585923037505949,0.3,0.425,0.475,0.52,0.65
diameter,3,I,111.0,0.41220720720720716,0.058073952401949944,0.26,0.375,0.415,0.4525,0.525
diameter,3,M,469.0,0.46973347547974414,0.0677601300408407,0.235,0.425,0.475,0.515,0.63
height,1,F,138.0,0.13358695652173916,0.02517086957856565,0.07,0.115,0.135,0.15,0.19
height,1,I,717.0,0.09477684797768482,0.027456524691800273,0.0,0.08,0.095,0.11,0.185
height,1,M,223.0,0.12170403587443947,0.032295961477907593,0.025,0.1,0.125,0.145,0.2
height,2,F,344.0,0.15367732558139532,0.02652482104750459,0.015,0.14,0.155,0.17,0.225
height,2,I,214.0,0.13070093457943927,0.01927011598342053,0.075,0.12,0.13,0.145,0.185
height,2,M,445.0,0.15142696629213484,0.033263515047923846,0.065,0.135,0.155,0.17,0.515
height,3,F,471.0,0.16563694267515922,0.029094816281644814,0.1,0.1475,0.165,0.185,0.25
height,3,I,111.0,0.14486486486486486,0.024554757541790508,0.09,0.13,0.145,0.16,0.215
height,3,M,469.0,0.16459488272921108,0.029407359525642662,0.06,0.145,0.165,0.185,0.25
whole_weight,1,F,138.0,0.7340398550724638,0.31498781149860317,0.08,0.483,0.75225,0.932125,1.486
whole_weight,1,I,717.0,0.3106241283124128,0.19973257068917533,0.002,0.152,0.2745,0.442,1.0835
whole_weight,1,M,223.0,0.6243878923766816,0.36421817845820353,0.0155,0.35225,0.599,0.86775,1.71
whole_weight,2,F,344.0,1.015421511627907,0.3871037817497249,0.2,0.756,1.0267499999999998,1.263625,2.381
whole_weight,2,I,214.0,0.6385467289719626,0.22547263903119477,0.152,0.471375,0.6425,0.7905,1.2975
whole_weight,2,M,445.0,0.9889426966292133,0.40459304793107015,0.1295,0.7605,1.004,1.2205,2.3305
whole_weight,3,F,471.0,1.145716560509554,0.4423075237376742,0.265,0.8160000000000001,1.106,1.44475,2.657
whole_weight,3,I,111.0,0.7698153153153153,0.3071977222921592,0.1835,0.524,0.7405,0.94425,1.786
whole_weight,3,M,469.0,1.1725309168443494,0.4726663848090226,0.12,0.8490000000000001,1.1415,1.4605,2.8255
shucked_weight,1,F,138.0,0.3338913043478261,0.15196814326091332,0.031,0.20450000000000002,0.32649999999999996,0.4295,0.7595
shucked_weight,1,I,717.0,0.14216945606694562,0.09730119511779785,0.001,0.0655,0.122,0.2015,0.4955
shucked_weight,1,M,223.0,0.28734977578475335,0.1768034514344635,0.0065,0.1515,0.2739999999999999,0.40974999999999995,0.8255
shucked_weight,2,F,344.0,0.4550130813953488,0.1925882228728204,0.0625,0.324625,0.4615,0.571875,1.1565
shucked_weight,2,I,214.0,0.2837172897196262,0.11182722979701899,0.062,0.209625,0.28025,0.35324999999999995,0.6035
shucked_weight,2,M,445.0,0.4503752808988764,0.20288159645562392,0.0455,0.3275,0.4565,0.5795,1.253
shucked_weight,3,F,471.0,0.46418365180467086,0.204130308111301,0.1045,0.30125,0.4505,0.5945,1.4880000000000002
shucked_weight,3,I,111.0,0.32032432432432445,0.14226734833737642,0.078,0.20925,0.3045,0.39874999999999994,0.715
shucked_weight,3,M,469.0,0.48864072494669514,0.23095244178802138,0.0415,0.317,0.4539999999999999,0.6325,1.351
viscera_weight,1,F,138.0,0.1617644927536232,0.07079223719321995,0.021,0.11,0.1645,0.21287499999999998,0.332
viscera_weight,1,I,717.0,0.06605648535564854,0.04363261526661363,0.0005,0.033,0.0585,0.0925,0.236
viscera_weight,1,M,223.0,0.13542376681614346,0.08099804535612541,0.003,0.077,0.1345,0.18675,0.3855
viscera_weight,2,F,344.0,0.224281976744186,0.08649585251446187,0.037,0.16825,0.22175,0.28075,0.5005
viscera_weight,2,I,214.0,0.13572897196261682,0.0512125635798653,0.0325,0.09975,0.137,0.166,0.322
viscera_weight,2,M,445.0,0.2198539325842697,0.09413612084044751,0.026,0.1615,0.2195,0.2725,0.541
viscera_weight,3,F,471.0,0.25195435244161357,0.1014344486846166,0.046,0.172,0.2435,0.31675,0.59
viscera_weight,3,I,111.0,0.16311261261261256,0.06760677362125661,0.024,0.108,0.1605,0.2095,0.3615
viscera_weight,3,M,469.0,0.25137526652452025,0.10565617570152311,0.033,0.178,0.2405,0.308,0.76
shell_weight,1,F,138.0,0.199,0.08460151333394787,0.025,0.136,0.1885,0.25225,0.435
shell_weight,1,I,717.0,0.09070641562064155,0.05730107015009905,0.0015,0.045,0.081,0.125,0.3505
shell_weight,1,M,223.0,0.16835426008968613,0.09194449739456546,0.005,0.103,0.159,0.23675,0.4325
shell_weight,2,F,344.0,0.28251308139534886,0.10028265724647098,0.07,0.21,0.288,0.34424999999999994,0.624
shell_weight,2,I,214.0,0.19060514018691585,0.06483805699915957,0.045,0.1465,0.18975,0.23762499999999998,0.386
shell_weight,2,M,445.0,0.26887640449438205,0.10209405112606468,0.044,0.201,0.2725,0.3345,0.584
shell_weight,3,F,471.0,0.3417685774946922,0.13231940542897916,0.0865,0.25,0.33,0.42,1.005
shell_weight,3,I,111.0,0.2344414414414414,0.08656940827343369,0.065,0.1725,0.2235,0.3,0.49
shell_weight,3,M,469.0,0.34816204690831554,0.1329001431288336,0.04,0.26,0.335,0.43,0.897
